<?xml version="1.0" encoding="UTF-8"?>
<root>
  <item name="com.haife.android.mcas.http.imageloader.CacheStrategy.Strategy">
    <annotation name="androidx.annotation.IntDef">
      <val name="value" val="{com.haife.android.mcas.http.imageloader.CacheStrategy.ALL, com.haife.android.mcas.http.imageloader.CacheStrategy.NONE, com.haife.android.mcas.http.imageloader.CacheStrategy.RESOURCE, com.haife.android.mcas.http.imageloader.CacheStrategy.DATA, com.haife.android.mcas.http.imageloader.CacheStrategy.AUTOMATIC}" />
    </annotation>
  </item>
  <item name="com.haife.android.mcas.http.imageloader.ImageConfigImpl cacheStrategy">
    <annotation name="androidx.annotation.IntDef">
      <val name="value" val="{com.haife.android.mcas.http.imageloader.CacheStrategy.ALL, com.haife.android.mcas.http.imageloader.CacheStrategy.NONE, com.haife.android.mcas.http.imageloader.CacheStrategy.RESOURCE, com.haife.android.mcas.http.imageloader.CacheStrategy.DATA, com.haife.android.mcas.http.imageloader.CacheStrategy.AUTOMATIC}" />
    </annotation>
  </item>
  <item name="com.haife.android.mcas.http.imageloader.ImageConfigImpl int getCacheStrategy()">
    <annotation name="androidx.annotation.IntDef">
      <val name="value" val="{com.haife.android.mcas.http.imageloader.CacheStrategy.ALL, com.haife.android.mcas.http.imageloader.CacheStrategy.NONE, com.haife.android.mcas.http.imageloader.CacheStrategy.RESOURCE, com.haife.android.mcas.http.imageloader.CacheStrategy.DATA, com.haife.android.mcas.http.imageloader.CacheStrategy.AUTOMATIC}" />
    </annotation>
  </item>
  <item name="com.haife.android.mcas.http.imageloader.ImageConfigImpl.Builder cacheStrategy">
    <annotation name="androidx.annotation.IntDef">
      <val name="value" val="{com.haife.android.mcas.http.imageloader.CacheStrategy.ALL, com.haife.android.mcas.http.imageloader.CacheStrategy.NONE, com.haife.android.mcas.http.imageloader.CacheStrategy.RESOURCE, com.haife.android.mcas.http.imageloader.CacheStrategy.DATA, com.haife.android.mcas.http.imageloader.CacheStrategy.AUTOMATIC}" />
    </annotation>
  </item>
  <item name="com.haife.android.mcas.http.imageloader.ImageConfigImpl.Builder com.haife.android.mcas.http.imageloader.ImageConfigImpl.Builder cacheStrategy(int) 0">
    <annotation name="androidx.annotation.IntDef">
      <val name="value" val="{com.haife.android.mcas.http.imageloader.CacheStrategy.ALL, com.haife.android.mcas.http.imageloader.CacheStrategy.NONE, com.haife.android.mcas.http.imageloader.CacheStrategy.RESOURCE, com.haife.android.mcas.http.imageloader.CacheStrategy.DATA, com.haife.android.mcas.http.imageloader.CacheStrategy.AUTOMATIC}" />
    </annotation>
  </item>
</root>

